Industry,SubIndustry
Corporate Services,Accounting
Recreation & Travel,Airlines/Aviation
Legal,Alternative Dispute Resolution
Wellness & Fitness,Alternative Medicine
Entertainment,Animation
Consumer Goods,Apparel & Fashion
Design,Architecture & Planning
Arts,Arts & Crafts
Manufacturing,Automotive
Manufacturing,Aviation & Aerospace
Finance,Banking
Health Care,Biotechnology
Entertainment,Broadcast Media
Construction,Building Materials
Corporate Services,Business Supplies & Equipment
Finance,Capital Markets
Manufacturing,Chemicals
Nonprofit,Civic & Social Organization
Construction,Civil Engineering
Real Estate,Commercial Real Estate
Software & IT Services,Computer & Network Security
Entertainment,Computer Games
Hardware & Networking,Computer Hardware
Hardware & Networking,Computer Networking
Software & IT Services,Computer Software
Construction,Construction
Consumer Goods,Consumer Electronics
Consumer Goods,Consumer Goods
Consumer Goods,Consumer Services
Consumer Goods,Cosmetics
Agriculture,Dairy
Manufacturing,Defense & Space
Design,Design
Education,E-Learning
Education,Education Management
Manufacturing,Electrical & Electronic Manufacturing
Entertainment,Entertainment
Corporate Services,Environmental Services
Corporate Services,Events Services
Corporate Services,Executive Office
Corporate Services,Facilities Services
Agriculture,Farming
Finance,Financial Services
Arts,Fine Art
Agriculture,Fishery
Consumer Goods,Food & Beverages
Manufacturing,Food Production
Nonprofit,Fundraising
Consumer Goods,Furniture
Recreation & Travel,Gambling & Casinos
Manufacturing,"Glass, Ceramics & Concrete"
Public Administration,Government Administration
Public Administration,Government Relations
Design,Graphic Design
Wellness & Fitness,"Health, Wellness & Fitness"
Education,Higher Education
Health Care,Hospital & Health Care
Recreation & Travel,Hospitality
Corporate Services,Human Resources
Transportation & Logistics,Import & Export
Nonprofit,Individual & Family Services
Manufacturing,Industrial Automation
Corporate Services,Information Services
Software & IT Services,Information Technology & Services
Finance,Insurance
Public Administration,International Affairs
Nonprofit,International Trade & Development
Software & IT Services,Internet
Finance,Investment Banking
Finance,Investment Management
Public Administration,Judiciary
Public Safety,Law Enforcement
Legal,Law Practice
Legal,Legal Services
Public Administration,Legislative Office
Recreation & Travel,"Leisure, Travel & Tourism"
Nonprofit,Libraries
Transportation & Logistics,Logistics & Supply Chain
Consumer Goods,Luxury Goods & Jewelry
Manufacturing,Machinery
Corporate Services,Management Consulting
Transportation & Logistics,Maritime
Media & Communications,Market Research
Media & Communications,Marketing & Advertising
Manufacturing,Mechanical or Industrial Engineering
Entertainment,Media Production
Health Care,Medical Device
Health Care,Medical Practice
Health Care,Mental Health Care
Public Safety,Military
Energy & Mining,Mining & Metals
Entertainment,Mobile Games
Entertainment,Motion Pictures & Film
Nonprofit,Museums & Institutions
Entertainment,Music
Hardware & Networking,Nanotechnologie
Media & Communications,Newspapers
Nonprofit,Non-Profit Organization Management
Energy & Mining,Oil & Energy
Media & Communications,Online Media
Corporate Services,Outsourcing/Offshoring
Transportation & Logistics,Package/Freight Delivery
Manufacturing,Packaging & Containers
Manufacturing,Paper & Forest Products
Arts,Performing Arts
Health Care,Pharmaceuticals
Nonprofit,Philanthropy
Arts,Photography
Manufacturing,Plastics
Public Administration,Political Organization
Education,Primary/Secondary Education
Media & Communications,Printing
Corporate Services,Professional Training & Coaching
Nonprofit,Program Development
Public Administration,Public Policy
Media & Communications,Public Relations & Communications
Public Safety,Public Safety
Media & Communications,Publishing
Manufacturing,Railroad Manufacture
Agriculture,Ranching
Real Estate,Real Estate
Recreation & Travel,Recreational Facilities & Services
Nonprofit,Religious Institutions
Manufacturing,Renewables & Environment
Education,Research
Recreation & Travel,Restaurants
Retail,Retail
Corporate Services,Security & Investigations
Hardware & Networking,Semiconductors
Manufacturing,Shipbuilding
Consumer Goods,Sporting Goods
Recreation & Travel,Sports
Corporate Services,Staffing & Recruiting
Retail,Supermarkets
Hardware & Networking,Telecommunications
Nonprofit,Think Tanks
Consumer Goods,Tobacco
Media & Communications,Translation & Localization
Transportation & Logistics,Transportation/Trucking/Railroad
Energy & Mining,Utilities
Finance,Venture Capital & Private Equity
Health Care,Veterinary
Transportation & Logistics,Warehousing
Retail,Wholesale
Hardware & Networking,Wireless
Media & Communications,Writing & Editing